index,stage,kernel
0,pre-down,c32_wave1:c32_wave1_prefix
1,block4,c32_wave1:c32_wave1_mapped
2,block4,c32_wave1:c32_wave1_chain
3,block4,c32_wave1:c32_wave1_chain
4,block4,c32_wave1:c32_wave1_finish_dcrop
5,block5,mh_fast:mh_pool_project_production_h16w
6,block5,c64_wave2:c64_wave2_bo
7,block6,c64_wave2:c64_wave2_bi_bo
8,block7,c64_wave2:c64_wave2_bi_bo
9,block8,c64_wave2:c64_wave2_bi
10,block9,mh_fast:mh_pool_project_group_c64
11,block9,c64_wave2:c128_wave2_bo
12,block10,c64_wave2:c128_wave2_bi_bo
13,block11,c64_wave2:c128_wave2_bi_bo
14,block12,c64_wave2:c128_wave2_bi_bo
15,block13,c64_wave2:c128_wave2_bi_bo
16,block14,c64_wave2:c128_wave2_bi
17,block15,mh_fast:mh_pool_project_group_c128
18,block15,mh_fast:mh_ffn_fused_c256_frag_project_mapped_g128_qkv_fb_pdl
19,block15,c64_wave2:c256_attn_wave_bo
20,block16,mh_fast:mh_ffn_fused_c256_frag_project_mapped_g128_qkv_bytein_fb_pdl
21,block16,c64_wave2:c256_attn_wave_bo
22,block17,mh_fast:mh_ffn_fused_c256_frag_project_mapped_g128_qkv_bytein_fb_pdl
23,block17,c64_wave2:c256_attn_wave_bo
24,block18,mh_fast:mh_ffn_fused_c256_frag_project_mapped_g128_qkv_bytein_fb_pdl
25,block18,c64_wave2:c256_attn_wave_bo
26,block19,mh_fast:mh_ffn_fused_c256_frag_project_mapped_g128_qkv_bytein_fb_pdl
27,block19,c64_wave2:c256_attn_wave_bo
28,block20,mh_fast:mh_ffn_fused_c256_frag_project_mapped_g128_qkv_bytein_fb_pdl
29,block20,c64_wave2:c256_attn_wave_bo
30,block21,mh_fast:mh_ffn_fused_c256_frag_project_mapped_g128_qkv_bytein_fb_pdl
31,block21,c64_wave2:c256_attn_wave_bo
32,block22,mh_fast:mh_ffn_fused_c256_frag_project_mapped_g128_qkv_bytein_fb_pdl
33,block22,c64_wave2:c256_attn_wave
34,block23,mh_fast:mh_pool_project_group_c256
35,block23,mh:mh_shift_pack
36,block23,deep_fast:split_mix_blocked_h16w
37,block23,deep_fast:split_ffn_fused_fp8_t8
38,block23,deep_fast:split_projection_frag
39,block23,mh_fast:mh_qkv_normalize_frag_c512
40,block23,mh_fused:mh_attention_fused_fp8_out
41,block23,mh_fast:mh_attention_project_frag_c512
42,block24,mh:mh_shift_pack
43,block24,deep_fast:split_mix_blocked_h16w
44,block24,deep_fast:split_ffn_fused_fp8_t8
45,block24,deep_fast:split_projection_frag
46,block24,mh_fast:mh_qkv_normalize_frag_c512
47,block24,mh_fused:mh_attention_fused_fp8_out
48,block24,mh_fast:mh_attention_project_frag_c512
49,block25,mh:mh_shift_pack
50,block25,deep_fast:split_mix_blocked_h16w
51,block25,deep_fast:split_ffn_fused_fp8_t8
52,block25,deep_fast:split_projection_frag
53,block25,mh_fast:mh_qkv_normalize_frag_c512
54,block25,mh_fused:mh_attention_fused_fp8_out
55,block25,mh_fast:mh_attention_project_frag_c512
56,block26,mh:mh_shift_pack
57,block26,deep_fast:split_mix_blocked_h16w
58,block26,deep_fast:split_ffn_fused_fp8_t8
59,block26,deep_fast:split_projection_frag
60,block26,mh_fast:mh_qkv_normalize_frag_c512
61,block26,mh_fused:mh_attention_fused_fp8_out
62,block26,mh_fast:mh_attention_project_frag_c512
63,block27,mh:mh_shift_pack
64,block27,deep_fast:split_mix_blocked_h16w
65,block27,deep_fast:split_ffn_fused_fp8_t8
66,block27,deep_fast:split_projection_frag
67,block27,mh_fast:mh_qkv_normalize_frag_c512
68,block27,mh_fused:mh_attention_fused_fp8_out
69,block27,mh_fast:mh_attention_project_frag_c512
70,block28,mh:mh_shift_pack
71,block28,deep_fast:split_mix_blocked_h16w
72,block28,deep_fast:split_ffn_fused_fp8_t8
73,block28,deep_fast:split_projection_frag
74,block28,mh_fast:mh_qkv_normalize_frag_c512
75,block28,mh_fused:mh_attention_fused_fp8_out
76,block28,mh_fast:mh_attention_project_frag_c512
77,block29,mh:mh_shift_pack
78,block29,deep_fast:split_mix_blocked_h16w
79,block29,deep_fast:split_ffn_fused_fp8_t8
80,block29,deep_fast:split_projection_frag
81,block29,mh_fast:mh_qkv_normalize_frag_c512
82,block29,mh_fused:mh_attention_fused_fp8_out
83,block29,mh_fast:mh_attention_project_frag_c512
84,block30,mh:mh_shift_pack
85,block30,deep_fast:split_mix_blocked_h16w
86,block30,deep_fast:split_ffn_fused_fp8_t8
87,block30,deep_fast:split_projection_frag
88,block30,mh_fast:mh_qkv_normalize_frag_c512
89,block30,mh_fused:mh_attention_fused_fp8_out
90,block30,mh_fast:mh_attention_project_frag_c512
91,head,mh:mh_pool
92,head,mh_fast:mh_pool_project_production_h16w
93,block31,deep:vit_gather
94,block31,deep_fast:vit_pack_input
95,block31,deep_fast:vit_expand_blocked_fp8_frag_bytein
96,block31,deep_fast:vit_contract_blocked_fp8_frag
97,block31,deep_fast:vit_qkv_project_normalize_fused_f16compact_fp8_frag
98,block31,deep_fast:vit_attention_fused_400_bytein
99,block31,deep_fast:vit_project_frag
100,block32,deep_fast:vit_pack_input
101,block32,deep_fast:vit_expand_blocked_fp8_frag_bytein
102,block32,deep_fast:vit_contract_blocked_fp8_frag
103,block32,deep_fast:vit_qkv_project_normalize_fused_f16compact_fp8_frag
104,block32,deep_fast:vit_attention_fused_400_bytein
105,block32,deep_fast:vit_project_frag
106,block33,deep_fast:vit_pack_input
107,block33,deep_fast:vit_expand_blocked_fp8_frag_bytein
108,block33,deep_fast:vit_contract_blocked_fp8_frag
109,block33,deep_fast:vit_qkv_project_normalize_fused_f16compact_fp8_frag
110,block33,deep_fast:vit_attention_fused_400_bytein
111,block33,deep_fast:vit_project_frag
112,block34,deep_fast:vit_pack_input
113,block34,deep_fast:vit_expand_blocked_fp8_frag_bytein
114,block34,deep_fast:vit_contract_blocked_fp8_frag
115,block34,deep_fast:vit_qkv_project_normalize_fused_f16compact_fp8_frag
116,block34,deep_fast:vit_attention_fused_400_bytein
117,block34,deep_fast:vit_project_frag
118,block35,deep_fast:vit_pack_input
119,block35,deep_fast:vit_expand_blocked_fp8_frag_bytein
120,block35,deep_fast:vit_contract_blocked_fp8_frag
121,block35,deep_fast:vit_qkv_project_normalize_fused_f16compact_fp8_frag
122,block35,deep_fast:vit_attention_fused_400_bytein
123,block35,deep_fast:vit_project_frag
124,block36,deep_fast:vit_pack_input
125,block36,deep_fast:vit_expand_blocked_fp8_frag_bytein
126,block36,deep_fast:vit_contract_blocked_fp8_frag
127,block36,deep_fast:vit_qkv_project_normalize_fused_f16compact_fp8_frag
128,block36,deep_fast:vit_attention_fused_400_bytein
129,block36,deep_fast:vit_project_frag
130,block37,deep_fast:vit_pack_input
131,block37,deep_fast:vit_expand_blocked_fp8_frag_bytein
132,block37,deep_fast:vit_contract_blocked_fp8_frag
133,block37,deep_fast:vit_qkv_project_normalize_fused_f16compact_fp8_frag
134,block37,deep_fast:vit_attention_fused_400_bytein
135,block37,deep_fast:vit_project_frag
136,block38,deep_fast:vit_pack_input
137,block38,deep_fast:vit_expand_blocked_fp8_frag_bytein
138,block38,deep_fast:vit_contract_blocked_fp8_frag
139,block38,deep_fast:vit_qkv_project_normalize_fused_f16compact_fp8_frag
140,block38,deep_fast:vit_attention_fused_400_bytein
141,block38,deep_fast:vit_project_frag
142,block39,deep:vit_gather
143,block39,deep_fast:decoder_project2x_h16w
144,block40,mh:mh_shift_pack
145,block40,deep_fast:split_mix_blocked_h16w
146,block40,deep_fast:split_ffn_fused_fp8_t8
147,block40,deep_fast:split_projection_frag
148,block40,mh_fast:mh_qkv_normalize_frag_c512
149,block40,mh_fused:mh_attention_fused_fp8_out
150,block40,mh_fast:mh_attention_project_frag_c512
151,block41,mh:mh_shift_pack
152,block41,deep_fast:split_mix_blocked_h16w
153,block41,deep_fast:split_ffn_fused_fp8_t8
154,block41,deep_fast:split_projection_frag
155,block41,mh_fast:mh_qkv_normalize_frag_c512
156,block41,mh_fused:mh_attention_fused_fp8_out
157,block41,mh_fast:mh_attention_project_frag_c512
158,block44,mh:mh_shift_pack
159,block44,deep_fast:split_mix_blocked_h16w
160,block44,deep_fast:split_ffn_fused_fp8_t8
161,block44,deep_fast:split_projection_frag
162,block44,mh_fast:mh_qkv_normalize_frag_c512
163,block44,mh_fused:mh_attention_fused_fp8_out
164,block44,mh_fast:mh_attention_project_frag_c512
165,block45,mh:mh_shift_pack
166,block45,deep_fast:split_mix_blocked_h16w
167,block45,deep_fast:split_ffn_fused_fp8_t8
168,block45,deep_fast:split_projection_frag
169,block45,mh_fast:mh_qkv_normalize_frag_c512
170,block45,mh_fused:mh_attention_fused_fp8_out
171,block45,mh_fast:mh_attention_project_frag_c512
172,block47,mh:mh_shift_pack
173,block47,deep_fast:split_mix_blocked_h16w
174,block47,deep_fast:split_ffn_fused_fp8_t8
175,block47,deep_fast:split_projection_frag
176,block47,mh_fast:mh_qkv_normalize_frag_c512
177,block47,mh_fused:mh_attention_fused_fp8_out
178,block47,mh_fast:mh_attention_project_frag_c512
179,block48,deep_fast:decoder_project2x_h16w_byteout
180,block48,mh_fast:mh_ffn_fused_c256_frag_project_mapped_g128_qkv_bytein_fb_pdl
181,block48,c64_wave2:c256_attn_wave_bo
182,block49,mh_fast:mh_ffn_fused_c256_frag_project_mapped_g128_qkv_bytein_fb_pdl
183,block49,c64_wave2:c256_attn_wave_bo
184,block50,mh_fast:mh_ffn_fused_c256_frag_project_mapped_g128_qkv_bytein_fb_pdl
185,block50,c64_wave2:c256_attn_wave_bo
186,block51,mh_fast:mh_ffn_fused_c256_frag_project_mapped_g128_qkv_bytein_fb_pdl
187,block51,c64_wave2:c256_attn_wave_bo
188,block52,mh_fast:mh_ffn_fused_c256_frag_project_mapped_g128_qkv_bytein_fb_pdl
189,block52,c64_wave2:c256_attn_wave_bo
190,block53,mh_fast:mh_ffn_fused_c256_frag_project_mapped_g128_qkv_bytein_fb_pdl
191,block53,c64_wave2:c256_attn_wave_bo
192,block54,mh_fast:mh_ffn_fused_c256_frag_project_mapped_g128_qkv_bytein_fb_pdl
193,block54,c64_wave2:c256_attn_wave_bo
194,block55,mh_fast:mh_ffn_fused_c256_frag_project_mapped_g128_qkv_bytein_fb_pdl
195,block55,c64_wave2:c256_attn_wave
196,block56,deep_fast:decoder_project2x_h16w_byteout
197,block56,c64_wave2:c128_wave2_bi_bo
198,block57,c64_wave2:c128_wave2_bi_bo
199,block58,c64_wave2:c128_wave2_bi_bo
200,block59,c64_wave2:c128_wave2_bi_bo
201,block60,c64_wave2:c128_wave2_bi_bo
202,block61,c64_wave2:c128_wave2_bi
203,block62,deep_fast:decoder_project2x_h16w_byteout
204,block62,c64_wave2:c64_wave2_bi_bo
205,block63,c64_wave2:c64_wave2_bi_bo
206,block64,c64_wave2:c64_wave2_bi_bo
207,block65,c64_wave2:c64_wave2_bi
208,block69,deep_fast:decoder_project2x_h16w
209,block69,c32_wave1:c32_wave1_mapped
210,block69,c32_wave1:c32_wave1_chain
211,block69,c32_wave1:c32_wave1_chain
212,block69,c32_wave1:c32_wave1_finish
213,block70,c32_wave1:c32_wave1_post
