"height","index","family","median_ms","p10_ms","p90_ms","hash","tag"
"900","0","none","13.376","13.287","13.531","75AABA5EF94368353F3F17C034B53918151AA2EBC98FF870B2A057D08AE910AB","current-map-900-0"
"900","1","c32","16.582","16.463","16.703","75AABA5EF94368353F3F17C034B53918151AA2EBC98FF870B2A057D08AE910AB","current-map-900-1"
"900","2","none","13.3925","13.29","13.483","75AABA5EF94368353F3F17C034B53918151AA2EBC98FF870B2A057D08AE910AB","current-map-900-2"
"900","3","vit","14.9445","14.771","15.085","75AABA5EF94368353F3F17C034B53918151AA2EBC98FF870B2A057D08AE910AB","current-map-900-3"
"900","4","none","13.399","13.292","13.545","75AABA5EF94368353F3F17C034B53918151AA2EBC98FF870B2A057D08AE910AB","current-map-900-4"
"900","5","c256","14.444","14.325","14.556","75AABA5EF94368353F3F17C034B53918151AA2EBC98FF870B2A057D08AE910AB","current-map-900-5"
"900","6","none","13.437","13.338","13.56","75AABA5EF94368353F3F17C034B53918151AA2EBC98FF870B2A057D08AE910AB","current-map-900-6"
"900","7","post","14.5935","14.447","14.747","75AABA5EF94368353F3F17C034B53918151AA2EBC98FF870B2A057D08AE910AB","current-map-900-7"
"900","8","none","13.4205","13.33","13.575","75AABA5EF94368353F3F17C034B53918151AA2EBC98FF870B2A057D08AE910AB","current-map-900-8"
"900","9","c64","14.3825","14.261","14.485","75AABA5EF94368353F3F17C034B53918151AA2EBC98FF870B2A057D08AE910AB","current-map-900-9"
"900","10","none","13.438","13.337","13.545","75AABA5EF94368353F3F17C034B53918151AA2EBC98FF870B2A057D08AE910AB","current-map-900-10"
"900","11","c128","14.4825","14.339","14.627","75AABA5EF94368353F3F17C034B53918151AA2EBC98FF870B2A057D08AE910AB","current-map-900-11"
"900","12","none","13.4335","13.352","13.565","75AABA5EF94368353F3F17C034B53918151AA2EBC98FF870B2A057D08AE910AB","current-map-900-12"
"900","13","attn64","14.088","13.984","14.245","75AABA5EF94368353F3F17C034B53918151AA2EBC98FF870B2A057D08AE910AB","current-map-900-13"
"900","14","none","13.462","13.357","13.568","75AABA5EF94368353F3F17C034B53918151AA2EBC98FF870B2A057D08AE910AB","current-map-900-14"
"900","15","attn128","13.977","13.871","14.089","75AABA5EF94368353F3F17C034B53918151AA2EBC98FF870B2A057D08AE910AB","current-map-900-15"
"900","16","none","13.471","13.332","13.579","75AABA5EF94368353F3F17C034B53918151AA2EBC98FF870B2A057D08AE910AB","current-map-900-16"
"900","17","attn256","14.037","13.931","14.148","75AABA5EF94368353F3F17C034B53918151AA2EBC98FF870B2A057D08AE910AB","current-map-900-17"
"900","18","none","13.485","13.369","13.588","75AABA5EF94368353F3F17C034B53918151AA2EBC98FF870B2A057D08AE910AB","current-map-900-18"
"900","19","split","14.1275","14.036","14.253","75AABA5EF94368353F3F17C034B53918151AA2EBC98FF870B2A057D08AE910AB","current-map-900-19"
"900","20","none","13.48","13.376","13.589","75AABA5EF94368353F3F17C034B53918151AA2EBC98FF870B2A057D08AE910AB","current-map-900-20"
"900","21","qkv512","14.018","13.885","14.137","75AABA5EF94368353F3F17C034B53918151AA2EBC98FF870B2A057D08AE910AB","current-map-900-21"
"900","22","none","13.481","13.383","13.614","75AABA5EF94368353F3F17C034B53918151AA2EBC98FF870B2A057D08AE910AB","current-map-900-22"
"900","23","attn512","13.6825","13.576","13.781","75AABA5EF94368353F3F17C034B53918151AA2EBC98FF870B2A057D08AE910AB","current-map-900-23"
"900","24","none","13.5105","13.395","13.652","75AABA5EF94368353F3F17C034B53918151AA2EBC98FF870B2A057D08AE910AB","current-map-900-24"
"900","25","decoder","13.863","13.754","13.996","75AABA5EF94368353F3F17C034B53918151AA2EBC98FF870B2A057D08AE910AB","current-map-900-25"
"900","26","none","13.47","13.367","13.599","75AABA5EF94368353F3F17C034B53918151AA2EBC98FF870B2A057D08AE910AB","current-map-900-26"
"900","27","pool","13.662","13.557","13.791","75AABA5EF94368353F3F17C034B53918151AA2EBC98FF870B2A057D08AE910AB","current-map-900-27"
"900","28","none","13.5415","13.393","13.693","75AABA5EF94368353F3F17C034B53918151AA2EBC98FF870B2A057D08AE910AB","current-map-900-28"
"1080","0","none","19.596","19.467","19.738","1DE20C219105CC281CBA1364A0A21D0DDC4510A95458EC0CA3B8C893EA54F23A","current-map-1080-0"
"1080","1","c32","24.3175","24.206","24.465","1DE20C219105CC281CBA1364A0A21D0DDC4510A95458EC0CA3B8C893EA54F23A","current-map-1080-1"
"1080","2","none","19.6305","19.534","19.737","1DE20C219105CC281CBA1364A0A21D0DDC4510A95458EC0CA3B8C893EA54F23A","current-map-1080-2"
"1080","3","vit","22.601","22.475","22.759","1DE20C219105CC281CBA1364A0A21D0DDC4510A95458EC0CA3B8C893EA54F23A","current-map-1080-3"
"1080","4","none","19.6275","19.499","19.725","1DE20C219105CC281CBA1364A0A21D0DDC4510A95458EC0CA3B8C893EA54F23A","current-map-1080-4"
"1080","5","c256","21.104","20.985","21.222","1DE20C219105CC281CBA1364A0A21D0DDC4510A95458EC0CA3B8C893EA54F23A","current-map-1080-5"
"1080","6","none","19.594","19.511","19.723","1DE20C219105CC281CBA1364A0A21D0DDC4510A95458EC0CA3B8C893EA54F23A","current-map-1080-6"
"1080","7","post","21.227","21.123","21.349","1DE20C219105CC281CBA1364A0A21D0DDC4510A95458EC0CA3B8C893EA54F23A","current-map-1080-7"
"1080","8","none","19.6595","19.5","19.846","1DE20C219105CC281CBA1364A0A21D0DDC4510A95458EC0CA3B8C893EA54F23A","current-map-1080-8"
"1080","9","c64","20.9805","20.884","21.095","1DE20C219105CC281CBA1364A0A21D0DDC4510A95458EC0CA3B8C893EA54F23A","current-map-1080-9"
"1080","10","none","19.6255","19.517","19.747","1DE20C219105CC281CBA1364A0A21D0DDC4510A95458EC0CA3B8C893EA54F23A","current-map-1080-10"
"1080","11","c128","21.0395","20.942","21.168","1DE20C219105CC281CBA1364A0A21D0DDC4510A95458EC0CA3B8C893EA54F23A","current-map-1080-11"
"1080","12","none","19.647","19.523","19.765","1DE20C219105CC281CBA1364A0A21D0DDC4510A95458EC0CA3B8C893EA54F23A","current-map-1080-12"
"1080","13","attn64","20.5285","20.437","20.663","1DE20C219105CC281CBA1364A0A21D0DDC4510A95458EC0CA3B8C893EA54F23A","current-map-1080-13"
"1080","14","none","19.6255","19.524","19.741","1DE20C219105CC281CBA1364A0A21D0DDC4510A95458EC0CA3B8C893EA54F23A","current-map-1080-14"
"1080","15","attn128","20.3955","20.262","20.499","1DE20C219105CC281CBA1364A0A21D0DDC4510A95458EC0CA3B8C893EA54F23A","current-map-1080-15"
"1080","16","none","19.6425","19.523","19.769","1DE20C219105CC281CBA1364A0A21D0DDC4510A95458EC0CA3B8C893EA54F23A","current-map-1080-16"
"1080","17","attn256","20.376","20.273","20.483","1DE20C219105CC281CBA1364A0A21D0DDC4510A95458EC0CA3B8C893EA54F23A","current-map-1080-17"
"1080","18","none","19.633","19.539","19.753","1DE20C219105CC281CBA1364A0A21D0DDC4510A95458EC0CA3B8C893EA54F23A","current-map-1080-18"
"1080","19","split","20.462","20.374","20.577","1DE20C219105CC281CBA1364A0A21D0DDC4510A95458EC0CA3B8C893EA54F23A","current-map-1080-19"
"1080","20","none","19.633","19.524","19.752","1DE20C219105CC281CBA1364A0A21D0DDC4510A95458EC0CA3B8C893EA54F23A","current-map-1080-20"
"1080","21","qkv512","20.1315","20.001","20.265","1DE20C219105CC281CBA1364A0A21D0DDC4510A95458EC0CA3B8C893EA54F23A","current-map-1080-21"
"1080","22","none","19.634","19.517","19.725","1DE20C219105CC281CBA1364A0A21D0DDC4510A95458EC0CA3B8C893EA54F23A","current-map-1080-22"
"1080","23","attn512","19.9515","19.839","20.09","1DE20C219105CC281CBA1364A0A21D0DDC4510A95458EC0CA3B8C893EA54F23A","current-map-1080-23"
"1080","24","none","19.647","19.523","19.753","1DE20C219105CC281CBA1364A0A21D0DDC4510A95458EC0CA3B8C893EA54F23A","current-map-1080-24"
"1080","25","decoder","20.1485","20.053","20.267","1DE20C219105CC281CBA1364A0A21D0DDC4510A95458EC0CA3B8C893EA54F23A","current-map-1080-25"
"1080","26","none","19.6285","19.525","19.74","1DE20C219105CC281CBA1364A0A21D0DDC4510A95458EC0CA3B8C893EA54F23A","current-map-1080-26"
"1080","27","pool","19.8945","19.777","20.038","1DE20C219105CC281CBA1364A0A21D0DDC4510A95458EC0CA3B8C893EA54F23A","current-map-1080-27"
"1080","28","none","19.642","19.512","19.745","1DE20C219105CC281CBA1364A0A21D0DDC4510A95458EC0CA3B8C893EA54F23A","current-map-1080-28"
