kind,accumulators,groups,iterations,sample,launches,start_tick,end_tick,wall_ms,event_ms,flops_per_launch,wall_tflops,event_tflops
fp32d,2,64,8192,0,237,196482937,196483062,121.918000000,120.982894897,8589934592,16.698227483,16.827291991
fp32d,2,64,8192,1,237,196483062,196483171,121.606000000,121.280097961,8589934592,16.741069506,16.786055854
fp32d,2,64,8192,2,237,196483171,196483296,119.070000000,118.791160583,8589934592,17.097627432,17.137760826
fp32d,2,64,8192,3,237,196483296,196483421,122.792000000,122.520095825,8589934592,16.579374050,16.616168022
fp32d,2,64,8192,4,237,196483421,196483546,121.735000000,121.452476501,8589934592,16.723329349,16.762231261
fp32d,2,256,8192,0,77,196483671,196483812,133.086000000,132.873107910,34359738368,19.879625613,19.911477168
fp32d,2,256,8192,1,77,196483812,196483937,132.747000000,132.528457642,34359738368,19.930392810,19.963258469
fp32d,2,256,8192,2,77,196483937,196484078,132.310000000,132.093124390,34359738368,19.996219895,20.029050464
fp32d,2,256,8192,3,77,196484078,196484203,131.598000000,131.409057617,34359738368,20.104407775,20.133314265
fp32d,2,256,8192,4,77,196484203,196484343,132.517000000,132.407394409,34359738368,19.964984525,19.981511351
fp32d,2,1024,8192,0,22,196484500,196484640,147.696000000,147.486709595,137438953472,20.472165640,20.501216582
fp32d,2,1024,8192,1,22,196484640,196484796,147.336000000,146.942977905,137438953472,20.522187221,20.577077037
fp32d,2,1024,8192,2,22,196484796,196484937,147.533000000,147.260803223,137438953472,20.494784058,20.532666604
fp32d,2,1024,8192,3,22,196484937,196485093,147.725000000,147.517791748,137438953472,20.468146735,20.496896954
fp32d,2,1024,8192,4,22,196485093,196485234,147.517000000,147.150726318,137438953472,20.497006965,20.548026177
fp32d,4,64,8192,0,197,196485375,196485500,132.697000000,132.280761719,17179869184,25.504979233,25.585233902
fp32d,4,64,8192,1,197,196485500,196485640,133.033000000,132.732864380,17179869184,25.440561584,25.498087795
fp32d,4,64,8192,2,197,196485640,196485765,133.356000000,133.115188599,17179869184,25.378942299,25.424853955
fp32d,4,64,8192,3,197,196485765,196485906,134.277000000,134.008407593,17179869184,25.204869257,25.255387255
fp32d,4,64,8192,4,197,196485906,196486031,135.896000000,135.666320801,17179869184,24.904590490,24.946753249
fp32d,4,256,8192,0,62,196486187,196486328,139.431000000,139.138687134,68719476736,30.557103927,30.621300556
fp32d,4,256,8192,1,62,196486328,196486468,139.732000000,139.554779053,68719476736,30.491280148,30.530001097
fp32d,4,256,8192,2,62,196486468,196486593,139.783000000,139.537460327,68719476736,30.480155367,30.533790336
fp32d,4,256,8192,3,62,196486593,196486734,139.527000000,139.319686890,68719476736,30.536079452,30.581518325
fp32d,4,256,8192,4,62,196486734,196486875,139.689000000,139.167266846,68719476736,30.500666177,30.615012094
fp32d,4,1024,8192,0,17,196487046,196487187,149.557000000,149.352294922,274877906944,31.245106669,31.287931802
fp32d,4,1024,8192,1,17,196487187,196487343,149.421000000,149.213943481,274877906944,31.273545339,31.316942030
fp32d,4,1024,8192,2,17,196487343,196487484,150.080000000,149.895767212,274877906944,31.136223468,31.174492149
fp32d,4,1024,8192,3,17,196487484,196487640,149.437000000,149.049194336,274877906944,31.270196926,31.351557711
fp32d,4,1024,8192,4,17,196487640,196487781,149.740000000,149.511444092,274877906944,31.206921451,31.254627005
fp32d,8,64,8192,0,147,196487921,196488062,137.534000000,137.353408813,34359738368,36.724602935,36.772888156
fp32d,8,64,8192,1,147,196488062,196488203,134.435000000,134.200119019,34359738368,37.571179679,37.636937858
fp32d,8,64,8192,2,147,196488203,196488328,135.081000000,134.731811523,34359738368,37.391502433,37.488411111
fp32d,8,64,8192,3,147,196488328,196488468,134.362000000,134.014236450,34359738368,37.591592415,37.689141646
fp32d,8,64,8192,4,147,196488468,196488609,134.698000000,134.286560059,34359738368,37.497821349,37.612710743
fp32d,8,256,8192,0,46,196488750,196488890,144.693000000,144.446899414,137438953472,43.693833563,43.768276684
fp32d,8,256,8192,1,46,196488890,196489046,144.760000000,144.427780151,137438953472,43.673610526,43.774070702
fp32d,8,256,8192,2,46,196489046,196489187,144.875000000,144.643936157,137438953472,43.638942949,43.708654698
fp32d,8,256,8192,3,46,196489187,196489328,144.863000000,144.634475708,137438953472,43.642557863,43.711513654
fp32d,8,256,8192,4,46,196489328,196489484,144.750000000,144.367507935,137438953472,43.676627701,43.792346008
fp32d,8,1024,8192,0,12,196489640,196489796,149.905000000,149.699203491,549755813888,44.008337058,44.068836793
fp32d,8,1024,8192,1,12,196489796,196489937,147.407000000,147.204299927,549755813888,44.754114572,44.815740912
fp32d,8,1024,8192,2,12,196489937,196490093,149.371000000,149.031707764,549755813888,44.165666472,44.266216000
fp32d,8,1024,8192,3,12,196490093,196490234,147.324000000,147.122802734,549755813888,44.779328328,44.840566140
fp32d,8,1024,8192,4,12,196490234,196490390,150.172000000,149.920608521,549755813888,43.930091939,44.003755266
fp32d,16,64,8192,0,94,196490531,196490687,146.088000000,145.623214722,68719476736,44.217395085,44.358523643
fp32d,16,64,8192,1,94,196490687,196490828,145.877000000,145.435394287,68719476736,44.281352188,44.415809816
fp32d,16,64,8192,2,94,196490828,196490968,146.499000000,146.225982666,68719476736,44.093344072,44.175670393
fp32d,16,64,8192,3,94,196490968,196491125,146.868000000,146.603759766,68719476736,43.982561301,44.061835955
fp32d,16,64,8192,4,94,196491125,196491265,146.587000000,146.225311279,68719476736,44.066873687,44.175873224
fp32d,16,256,8192,0,27,196491421,196491578,149.298000000,149.060241699,274877906944,49.710669182,49.789960105
fp32d,16,256,8192,1,27,196491578,196491718,149.309000000,149.075332642,274877906944,49.707006862,49.784919852
fp32d,16,256,8192,2,27,196491718,196491875,149.195000000,148.959335327,274877906944,49.744988019,49.823688265
fp32d,16,256,8192,3,27,196491875,196492015,149.507000000,149.263717651,274877906944,49.641177252,49.722086548
fp32d,16,256,8192,4,27,196492015,196492171,149.455000000,149.210540771,274877906944,49.658448948,49.739806914
fp32d,16,1024,8192,0,7,196492343,196492500,157.438000000,157.047653198,1099511627776,48.886427638,49.007936366
fp32d,16,1024,8192,1,7,196492500,196492656,153.081000000,152.851715088,1099511627776,50.277835881,50.353255049
fp32d,16,1024,8192,2,7,196492656,196492812,155.217000000,154.893081665,1099511627776,49.585943514,49.689639535
fp32d,16,1024,8192,3,7,196492812,196492968,159.673000000,159.454483032,1099511627776,48.202146853,48.268203239
fp32d,16,1024,8192,4,7,196492968,196493125,155.141000000,154.875595093,1099511627776,49.610234525,49.695249854
