kernel,code_bytes,max_threads,wave_size,lds_bytes,vgpr,private_bytes,vgpr_spills,static_barriers,static_wmma,unknown
_Z10k_conv_res10ConvParams,3500,256,32,8192,51,0,0,1,2,0
_Z10k_flag_setPjjS_,232,1024,32,0,4,0,0,0,0,0
_Z10k_qkv_attn10AttnParams,9556,256,32,58368,111,0,0,6,8,0
_Z10k_reg_copy9VarParams,1036,32,32,0,20,0,0,0,0,0
_Z10k_swin_varILi128ELb0EEv9VarParams,25700,256,32,15616,120,56,8,20,34,0
_Z10k_swin_varILi256ELb0EEv9VarParams,21956,256,32,19200,164,24,0,17,32,0
_Z10k_swin_varILi32ELb1EEv9VarParams,28424,256,32,15616,61,24,0,23,29,0
_Z10k_swin_varILi64ELb0EEv9VarParams,22828,256,32,15616,120,52,7,17,38,0
_Z11k_attention12AttnParams1d,6660,256,32,28928,137,0,0,4,6,0
_Z11k_contract212ConvParams1d,19412,256,32,16384,161,0,0,1,4,0
_Z11k_conv_res211Conv2Params,23208,256,32,0,202,0,0,0,8,0
_Z11k_flag_waitPjjj,180,1024,32,0,4,0,0,0,0,0
_Z11k_qkv_attn210AttnParams,8564,256,32,23808,99,24,0,5,14,0
_Z11k_reg1d_qkv14Reg1dQkvParams,12504,256,32,4096,168,12,2,4,32,0
_Z11k_reproject12ReprojParams,15492,1024,32,0,66,0,0,0,0,0
_Z12k_attention212AttnParams1d,7360,256,32,19456,90,0,0,5,6,0
_Z12k_final_head10HeadParams,2908,256,32,8192,41,0,0,1,2,0
_Z12k_reg1d_attnILi1EEv15Reg1dAttnParams,5724,128,32,0,141,0,0,0,16,0
_Z12k_reg1d_convILi1ELb0EEv12ConvParams1d,4860,256,32,4096,130,0,0,2,8,0
_Z12k_reg1d_convILi1ELb1EEv12ConvParams1d,3376,256,32,4096,111,0,0,2,8,0
_Z12k_reg1d_convILi2ELb0EEv12ConvParams1d,8544,256,32,4096,168,36,8,2,16,0
_Z12k_reg_swin32ILi0EEv9VarParams,29168,32,32,2048,168,56,13,0,112,0
_Z12k_reg_swin32ILi1EEv9VarParams,29692,32,32,2048,168,52,12,0,112,0
_Z12k_reg_swin32ILi20EEv9VarParams,41060,32,32,2048,160,464,0,0,114,0
_Z12k_reg_swin32ILi2EEv9VarParams,29608,32,32,2048,168,20,4,0,112,0
_Z12k_reg_swin32ILi32EEv9VarParams,45560,32,32,2048,168,424,105,0,120,0
_Z12k_reg_swin32ILi4EEv9VarParams,39240,32,32,2048,168,320,13,0,120,0
_Z12k_reg_swin32ILi5EEv9VarParams,37980,32,32,2048,168,336,17,0,120,0
_Z12k_reg_swin32ILi8EEv9VarParams,33640,32,32,2048,164,0,0,0,120,0
_Z13k_align_probePh,56,1024,32,0,3,0,0,0,0,0
_Z13k_clock_probePy,168,1024,32,0,5,0,0,0,0,0
_Z13k_conv_splitk12ConvParams1d,7544,256,32,4096,82,0,0,1,1,0
_Z13k_frag_to_tinPKhPhii,1128,1024,32,0,12,0,0,0,0,0
_Z13k_reg_swin_mhILi128ELi0EEv9VarParams,32652,128,32,8192,168,144,17,7,128,0
_Z13k_reg_swin_mhILi128ELi10EEv9VarParams,42392,128,32,8192,168,400,88,7,160,0
_Z13k_reg_swin_mhILi128ELi1EEv9VarParams,33208,128,32,8192,168,144,16,7,128,0
_Z13k_reg_swin_mhILi128ELi2EEv9VarParams,33212,128,32,8192,168,128,16,7,128,0
_Z13k_reg_swin_mhILi128ELi3EEv9VarParams,33504,128,32,8192,168,128,15,7,128,0
_Z13k_reg_swin_mhILi128ELi4EEv9VarParams,42144,128,32,8192,168,336,3,9,136,0
_Z13k_reg_swin_mhILi128ELi5EEv9VarParams,42660,128,32,8192,168,336,0,9,136,0
_Z13k_reg_swin_mhILi128ELi8EEv9VarParams,41892,128,32,8192,168,416,98,7,160,0
_Z13k_reg_swin_mhILi256ELi0EEv9VarParams,30624,256,32,32768,168,64,16,7,104,0
_Z13k_reg_swin_mhILi256ELi10EEv9VarParams,35788,256,32,32768,168,64,16,7,108,0
_Z13k_reg_swin_mhILi256ELi1EEv9VarParams,30976,256,32,32768,168,56,13,7,104,0
_Z13k_reg_swin_mhILi256ELi2EEv9VarParams,31112,256,32,32768,168,56,14,7,104,0
_Z13k_reg_swin_mhILi256ELi3EEv9VarParams,31408,256,32,32768,168,60,15,7,104,0
_Z13k_reg_swin_mhILi256ELi4EEv9VarParams,40064,256,32,32768,168,288,4,9,112,0
_Z13k_reg_swin_mhILi256ELi5EEv9VarParams,40636,256,32,32768,168,272,0,9,112,0
_Z13k_reg_swin_mhILi256ELi8EEv9VarParams,34864,256,32,32768,168,40,9,7,108,0
_Z13k_reg_swin_mhILi64ELi0EEv9VarParams,31500,64,32,4096,168,144,23,7,112,0
_Z13k_reg_swin_mhILi64ELi10EEv9VarParams,37884,64,32,4096,168,144,20,7,128,0
_Z13k_reg_swin_mhILi64ELi1EEv9VarParams,32000,64,32,4096,168,144,21,7,112,0
_Z13k_reg_swin_mhILi64ELi2EEv9VarParams,32088,64,32,4096,168,128,20,7,112,0
_Z13k_reg_swin_mhILi64ELi3EEv9VarParams,32324,64,32,4096,168,144,18,7,112,0
_Z13k_reg_swin_mhILi64ELi4EEv9VarParams,40848,64,32,4096,168,336,0,9,128,0
_Z13k_reg_swin_mhILi64ELi5EEv9VarParams,41432,64,32,4096,165,336,0,9,128,0
_Z13k_reg_swin_mhILi64ELi8EEv9VarParams,36976,64,32,4096,168,112,11,7,128,0
_Z13k_tin_to_fragPKhPhii,1136,1024,32,0,11,0,0,0,0,0
_Z14k_dec_upsample11DecUpParams,3540,256,32,4096,63,0,0,1,2,0
_Z14k_ffwd_inpview12FfwdPlParams,4640,256,32,24576,77,0,0,4,8,0
_Z14k_reg1d_expandILi2EEv12ExpandParams,7140,256,32,4096,137,0,0,2,16,0
_Z14k_reg1d_reduce12ConvParams1d,876,256,32,0,17,0,0,0,0,0
_Z14k_reg_vit_attn10AttnParams,18340,128,32,10752,135,0,0,0,64,0
_Z14k_reg_vit_convILi1ELi0EEv13VitConvParams,3960,32,32,0,88,0,0,0,8,0
_Z14k_reg_vit_convILi1ELi1EEv13VitConvParams,5380,32,32,0,90,0,0,0,8,0
_Z14k_reg_vit_convILi1ELi2EEv13VitConvParams,5080,32,32,0,93,0,0,0,8,0
_Z14k_reg_vit_convILi1ELi4EEv13VitConvParams,8820,32,32,0,105,0,0,0,8,0
_Z14k_reg_vit_ffwdILi1ELb0EEv13VitFfwdParams,5132,32,32,0,96,0,0,0,20,0
_Z14k_reg_vit_ffwdILi1ELb1EEv13VitFfwdParams,5924,32,32,0,97,0,0,0,20,0
_Z16k_conv_res_views12ConvPlParams,7272,256,32,24576,99,0,0,2,2,0
_Z16k_frag512_to_tinPKhPhi,868,1024,32,0,13,0,0,0,0,0
_Z16k_reg_swin_chainILi256EEv11ChainParams,33088,256,32,16388,168,112,10,10,104,0
_Z16k_swin_1h_32_fp810SwinParams,14892,256,32,62592,71,0,0,10,11,0
_Z16k_tin_to_frag512PKhPhi,864,1024,32,0,12,0,0,0,0,0
_Z21k_pre_block_1h_32_fp89PreParams,19568,256,32,64640,71,0,0,11,12,0
_Z22k_post_block_1h_32_fp810PostParams,17640,256,32,62592,74,0,0,13,13,0
_Z5k_qkv9QkvParams,6200,256,32,6144,119,0,0,2,3,0
_Z6k_ffwd10FfwdParams,5896,256,32,24576,77,0,0,4,8,0
_Z6k_mean10MeanParams,1244,1024,32,1024,8,0,0,9,0,0
_Z6k_qkv29QkvParams,8352,256,32,12800,128,0,0,2,16,0
_Z7k_ffwd211Ffwd2Params,7288,256,32,21504,113,0,0,2,12,0
_Z8k_expand12ExpandParams,3872,256,32,16384,43,0,0,1,2,0
_Z8k_export12ExportParams,8588,1024,32,0,29,0,0,0,0,0
_Z8k_import12ImportParams,6236,1024,32,0,21,0,0,0,0,0
_Z8k_repack12RepackParams,1032,1024,32,0,15,0,0,0,0,0
_Z9k_expand212ExpandParams,5092,256,32,0,126,0,0,0,8,0
