region,round,slot,cut,start_tick,end_tick,prefix_ms,gpu_frame_ms,tail_ms,wall_ms
0,0,0,0,198597906,198597921,0.004920000,12.234100342,12.229180336,12.708000000
0,0,1,1,198597921,198597937,1.125720024,12.488120079,11.362400055,12.636000000
0,0,2,1,198597937,198597953,1.092900038,12.494899750,11.402000427,12.657000000
0,0,3,0,198597953,198597953,0.004840000,12.844160080,12.839320183,13.006000000
0,1,0,0,198597953,198597968,0.004560000,12.418319702,12.413760185,12.742000000
0,1,1,1,198597968,198597984,1.108999968,12.495699883,11.386699677,12.644000000
0,1,2,1,198597984,198598000,1.123059988,12.489159584,11.366100311,12.657000000
0,1,3,0,198598000,198598015,0.004960000,12.627479553,12.622520447,12.786000000
0,2,0,0,198598015,198598031,0.004720000,12.695759773,12.691040039,12.852000000
0,2,1,1,198598031,198598031,1.121620059,12.481519699,11.359900475,12.637000000
0,2,2,1,198598031,198598046,1.123759985,12.458160400,11.334400177,12.617000000
0,2,3,0,198598046,198598062,0.004840000,12.647159576,12.642319679,12.789000000
0,3,0,0,198598062,198598078,0.004680000,12.652739525,12.648059845,12.799000000
0,3,1,1,198598078,198598093,1.113479972,12.505180359,11.391699791,12.657000000
0,3,2,1,198598093,198598093,1.163640022,12.498940468,11.335300446,12.641000000
0,3,3,0,198598093,198598109,0.004840000,12.630299568,12.625459671,12.796000000
0,4,0,0,198598109,198598125,0.004720000,12.666660309,12.661939621,12.846000000
0,4,1,1,198598125,198598140,1.118460059,12.473360062,11.354900360,12.655000000
0,4,2,1,198598140,198598156,1.113280058,12.450579643,11.337300301,12.664000000
0,4,3,0,198598156,198598156,0.004840000,12.626600266,12.621760368,12.822000000
0,5,0,0,198598156,198598171,0.021960000,12.635780334,12.613820076,12.834000000
0,5,1,1,198598171,198598187,1.124699950,12.512499809,11.387800217,12.651000000
0,5,2,1,198598187,198598203,1.126520038,12.473819733,11.347299576,12.630000000
0,5,3,0,198598203,198598218,0.004800000,12.664699554,12.659899712,12.829000000
0,6,0,0,198598218,198598234,0.004680000,12.674099922,12.669420242,12.796000000
0,6,1,1,198598234,198598234,1.117900014,12.455499649,11.337599754,12.585000000
0,6,2,1,198598234,198598250,1.121979952,12.483380318,11.361399651,12.644000000
0,6,3,0,198598250,198598265,0.018120000,12.668919563,12.650799751,12.819000000
0,7,0,0,198598265,198598281,0.004760000,12.682359695,12.677599907,12.819000000
0,7,1,1,198598281,198598296,1.124379992,12.506679535,11.382300377,12.648000000
0,7,2,1,198598296,198598296,1.110839963,12.455140114,11.344300270,12.619000000
0,7,3,0,198598296,198598312,0.012240000,12.633379936,12.621139526,12.795000000
1,0,0,1,198598421,198598437,1.108639956,12.483639717,11.375000000,12.640000000
1,0,1,5,198598437,198598453,2.150219917,12.521519661,10.371299744,12.674000000
1,0,2,5,198598453,198598468,2.152280092,12.440979958,10.288700104,12.571000000
1,0,3,1,198598468,198598468,1.110579967,12.547780037,11.437199593,12.688000000
1,1,0,1,198598468,198598484,1.128080010,12.504179955,11.376099586,12.644000000
1,1,1,5,198598484,198598500,2.144819975,12.401519775,10.256699562,12.531000000
1,1,2,5,198598500,198598515,2.125000000,12.506199837,10.381199837,12.662000000
1,1,3,1,198598515,198598531,1.125380039,12.519579887,11.394200325,12.672000000
1,2,0,1,198598531,198598531,1.120059967,12.435759544,11.315699577,12.594000000
1,2,1,5,198598531,198598546,2.149980068,12.469539642,10.319560051,12.649000000
1,2,2,5,198598546,198598562,2.286279917,12.439279556,10.152999878,12.575000000
1,2,3,1,198598562,198598578,1.183899999,12.602800369,11.418899536,12.806000000
1,3,0,1,198598578,198598593,1.039260030,12.449560165,11.410300255,12.683000000
1,3,1,5,198598593,198598609,2.099580050,12.416580200,10.317000389,12.687000000
1,3,2,5,198598609,198598609,2.123660088,12.544460297,10.420800209,12.816000000
1,3,3,1,198598609,198598625,0.990819991,12.299619675,11.308799744,12.573000000
1,4,0,1,198598625,198598640,1.222419977,12.505620003,11.283200264,12.650000000
1,4,1,5,198598640,198598656,2.202800035,12.561599731,10.358799934,12.747000000
1,4,2,5,198598656,198598671,2.091959953,12.358559608,10.266599655,12.658000000
1,4,3,1,198598671,198598671,1.175220013,12.517020226,11.341799736,12.749000000
1,5,0,1,198598671,198598687,1.053460002,12.389659882,11.336199760,12.623000000
1,5,1,5,198598687,198598703,2.159640074,12.515040398,10.355400085,12.678000000
1,5,2,5,198598703,198598718,2.180180073,12.506179810,10.326000214,12.728000000
1,5,3,1,198598718,198598734,1.044239998,12.429840088,11.385600090,12.687000000
1,6,0,1,198598734,198598734,1.161100030,12.414400101,11.253299713,12.631000000
1,6,1,5,198598734,198598750,2.143019915,12.523420334,10.380399704,12.670000000
1,6,2,5,198598750,198598765,2.162400007,12.487199783,10.324799538,12.629000000
1,6,3,1,198598765,198598781,1.131000042,12.513400078,11.382399559,12.687000000
1,7,0,1,198598781,198598796,1.155740023,12.507439613,11.351699829,12.711000000
1,7,1,5,198598796,198598812,2.114619970,12.431920052,10.317299843,12.668000000
1,7,2,5,198598812,198598812,2.171380043,12.512200356,10.340820312,12.742000000
1,7,3,1,198598812,198598828,1.130959988,12.467160225,11.336199760,12.677000000
2,0,0,5,198598937,198598953,2.245779991,12.492580414,10.246800423,12.639000000
2,0,1,14,198598953,198598968,2.958019972,12.479720116,9.521699905,12.629000000
2,0,2,14,198598968,198598968,2.936939955,12.511440277,9.574500084,12.665000000
2,0,3,5,198598968,198598984,2.162519932,12.477820396,10.315299988,12.625000000
2,1,0,5,198598984,198599000,2.141580105,12.436679840,10.295100212,12.617000000
2,1,1,14,198599000,198599015,2.941299915,12.520899773,9.579600334,12.678000000
2,1,2,14,198599015,198599031,2.945699930,12.505999565,9.560299873,12.649000000
2,1,3,5,198599031,198599046,2.149739981,12.463640213,10.313899994,12.631000000
2,2,0,5,198599046,198599046,2.146780014,12.491979599,10.345199585,12.651000000
2,2,1,14,198599046,198599062,2.924940109,12.504440308,9.579500198,12.658000000
2,2,2,14,198599062,198599078,2.943820000,12.455619812,9.511799812,12.619000000
2,2,3,5,198599078,198599093,2.170720100,12.469340324,10.298620224,12.597000000
2,3,0,5,198599093,198599109,2.176280022,12.502980232,10.326700211,12.665000000
2,3,1,14,198599109,198599109,2.967319965,12.490619659,9.523300171,12.626000000
2,3,2,14,198599109,198599125,2.911839962,12.466139793,9.554300308,12.614000000
2,3,3,5,198599125,198599140,2.152559996,12.517060280,10.364500046,12.673000000
2,4,0,5,198599140,198599156,2.163539886,12.478639603,10.315099716,12.620000000
2,4,1,14,198599156,198599171,2.941119909,12.538220406,9.597100258,12.669000000
2,4,2,14,198599171,198599171,2.936739922,12.483240128,9.546500206,12.622000000
2,4,3,5,198599171,198599187,2.145940065,12.437140465,10.291199684,12.593000000
2,5,0,5,198599187,198599203,2.127460003,12.506460190,10.378999710,12.666000000
2,5,1,14,198599203,198599218,2.972579956,12.500080109,9.527500153,12.646000000
2,5,2,14,198599218,198599234,2.957200050,12.493700027,9.536499977,12.636000000
2,5,3,5,198599234,198599234,2.131740093,12.458040237,10.326299667,12.617000000
2,6,0,5,198599234,198599250,2.128400087,12.492799759,10.364399910,12.641000000
2,6,1,14,198599250,198599265,2.967920065,12.432220459,9.464300156,12.598000000
2,6,2,14,198599265,198599281,2.972640038,12.486000061,9.513360023,12.635000000
2,6,3,5,198599281,198599296,2.135819912,12.499420166,10.363599777,12.639000000
2,7,0,5,198599296,198599312,2.150239944,12.495039940,10.344799995,12.658000000
2,7,1,14,198599312,198599312,2.953759909,12.474659920,9.520899773,12.631000000
2,7,2,14,198599312,198599328,2.920680046,12.508379936,9.587699890,12.664000000
2,7,3,5,198599328,198599343,2.121380091,12.419879913,10.298500061,12.582000000
3,0,0,14,198599453,198599468,2.915640116,12.467140198,9.551500320,12.648000000
3,0,1,27,198599468,198599484,3.783699989,12.577699661,8.793999672,12.742000000
3,0,2,27,198599484,198599484,3.823699951,12.630999565,8.807299614,12.810000000
3,0,3,14,198599484,198599500,2.871779919,12.386280060,9.514499664,12.664000000
3,1,0,14,198599500,198599515,2.921479940,12.448180199,9.526700020,12.628000000
3,1,1,27,198599515,198599531,3.727720022,12.525620461,8.797900200,12.687000000
3,1,2,27,198599531,198599546,3.808599949,12.570699692,8.762100220,12.738000000
3,1,3,14,198599546,198599546,2.943480015,12.518179893,9.574700356,12.680000000
3,2,0,14,198599546,198599562,2.944159985,12.467659950,9.523500443,12.626000000
3,2,1,27,198599562,198599578,3.733160019,12.641860008,8.908699989,12.803000000
3,2,2,27,198599578,198599593,3.657680035,12.476180077,8.818499565,12.762000000
3,2,3,14,198599593,198599609,2.956700087,12.578200340,9.621500015,12.836000000
3,3,0,14,198599609,198599609,2.785720110,12.315119743,9.529399872,12.604000000
3,3,1,27,198599609,198599625,3.706379890,12.480380058,8.774000168,12.626000000
3,3,2,27,198599625,198599640,3.723059893,12.545960426,8.822899818,12.703000000
3,3,3,14,198599640,198599656,2.947999954,12.478799820,9.530799866,12.620000000
3,4,0,14,198599656,198599671,3.122859955,12.531660080,9.408800125,12.701000000
3,4,1,27,198599671,198599687,3.696959972,12.633859634,8.936900139,12.782000000
3,4,2,27,198599687,198599687,3.701800108,12.369500160,8.667699814,12.653000000
3,4,3,14,198599687,198599703,2.938879967,12.479180336,9.540300369,12.661000000
3,5,0,14,198599703,198599718,2.932300091,12.453200340,9.520899773,12.599000000
3,5,1,27,198599718,198599734,3.671080112,12.492380142,8.821299553,12.620000000
3,5,2,27,198599734,198599750,3.776160002,12.556159973,8.779999733,12.709000000
3,5,3,14,198599750,198599750,3.077640057,12.546839714,9.469200134,12.691000000
3,6,0,14,198599750,198599765,2.936100006,12.441900253,9.505800247,12.622000000
3,6,1,27,198599765,198599781,3.718539953,12.534339905,8.815799713,12.688000000
3,6,2,27,198599781,198599796,3.806900024,12.553500175,8.746600151,12.719000000
3,6,3,14,198599796,198599812,2.893739939,12.365440369,9.471699715,12.665000000
3,7,0,14,198599812,198599812,2.931619883,12.483619690,9.552000046,12.633000000
3,7,1,27,198599812,198599828,3.740060091,12.503560066,8.763500214,12.645000000
3,7,2,27,198599828,198599843,3.754019976,12.645119667,8.891099930,12.776000000
3,7,3,14,198599843,198599859,2.906539917,12.421640396,9.515099525,12.639000000
4,0,0,27,198599968,198599984,3.694139957,12.510439873,8.816300392,12.679000000
4,0,1,44,198599984,198599984,4.587440014,12.535840034,7.948400021,12.666000000
4,0,2,44,198599984,198600000,4.575079918,12.604780197,8.029700279,12.738000000
4,0,3,27,198600000,198600015,3.767859936,12.422860146,8.654999733,12.660000000
4,1,0,27,198600015,198600031,3.809540033,12.540940285,8.731399536,12.764000000
4,1,1,44,198600031,198600046,4.570439816,12.561440468,7.991000175,12.718000000
4,1,2,44,198600046,198600062,4.510379791,12.520119667,8.009739876,12.744000000
4,1,3,27,198600062,198600062,3.675280094,12.490880013,8.815600395,12.725000000
4,2,0,27,198600062,198600078,3.735340118,12.540240288,8.804900169,12.703000000
4,2,1,44,198600078,198600093,4.561140060,12.475239754,7.914100170,12.625000000
4,2,2,44,198600093,198600109,4.571499825,12.529259682,7.957759857,12.701000000
4,2,3,27,198600109,198600125,3.764919996,12.593020439,8.828100204,12.748000000
4,3,0,27,198600125,198600125,3.749720097,12.439720154,8.689999580,12.690000000
4,3,1,44,198600125,198600140,4.589479923,12.562379837,7.972899914,12.693000000
4,3,2,44,198600140,198600156,4.520699978,12.461620331,7.940919876,12.684000000
4,3,3,27,198600156,198600171,3.740060091,12.522060394,8.781999588,12.747000000
4,4,0,27,198600171,198600187,3.696399927,12.604299545,8.907899857,12.752000000
4,4,1,44,198600187,198600187,4.466479778,12.579580307,8.113100052,12.846000000
4,4,2,44,198600187,198600203,4.540180206,12.525480270,7.985300064,12.793000000
4,4,3,27,198600203,198600218,3.725500107,12.414600372,8.689100266,12.643000000
4,5,0,27,198600218,198600234,3.776900053,12.476400375,8.699500084,12.723000000
4,5,1,44,198600234,198600250,4.557720184,12.577619553,8.019900322,12.718000000
4,5,2,44,198600250,198600265,4.573579788,12.633680344,8.060099602,12.769000000
4,5,3,27,198600265,198600265,3.616800070,12.425100327,8.808300018,12.677000000
4,6,0,27,198600265,198600281,3.729799986,12.543700218,8.813899994,12.693000000
4,6,1,44,198600281,198600296,4.573480129,12.507780075,7.934299946,12.646000000
4,6,2,44,198600296,198600312,4.572000027,12.560999870,7.988999844,12.703000000
4,6,3,27,198600312,198600328,3.828840017,12.595040321,8.766200066,12.754000000
4,7,0,27,198600328,198600328,3.640259981,12.419960022,8.779700279,12.738000000
4,7,1,44,198600328,198600343,4.563360214,12.471059799,7.907700062,12.622000000
4,7,2,44,198600343,198600359,4.584959984,12.559860229,7.974899769,12.706000000
4,7,3,27,198600359,198600375,3.788800001,12.441960335,8.653160095,12.575000000
5,0,0,44,198600484,198600500,4.622960091,12.596879959,7.973919868,12.733000000
5,0,1,101,198600500,198600500,5.619060040,12.625860214,7.006800175,12.831000000
5,0,2,101,198600500,198600515,5.613679886,12.593680382,6.980000019,12.803000000
5,0,3,44,198600515,198600531,4.676340103,12.575139999,7.898799896,12.753000000
5,1,0,44,198600531,198600546,4.604020119,12.554320335,7.950300217,12.670000000
5,1,1,101,198600546,198600562,5.644539833,12.623339653,6.978799820,12.763000000
5,1,2,101,198600562,198600578,5.638959885,12.669560432,7.030600071,12.811000000
5,1,3,44,198600578,198600578,4.578879833,12.653679848,8.074799538,12.818000000
5,2,0,44,198600578,198600593,4.427800179,12.352979660,7.925179958,12.625000000
5,2,1,101,198600593,198600609,5.623139858,12.548139572,6.925000191,12.678000000
5,2,2,101,198600609,198600625,5.650760174,12.641460419,6.990699768,12.769000000
5,2,3,44,198600625,198600640,4.582240105,12.589240074,8.006999969,12.753000000
5,3,0,44,198600640,198600640,4.565159798,12.492759705,7.927599907,12.657000000
5,3,1,101,198600640,198600656,5.635960102,12.751660347,7.115699768,12.902000000
5,3,2,101,198600656,198600671,5.548719883,12.531519890,6.982800007,12.771000000
5,3,3,44,198600671,198600687,4.567220211,12.558119774,7.990900040,12.700000000
5,4,0,44,198600687,198600703,4.591279984,12.574780464,7.983500004,12.802000000
5,4,1,101,198600703,198600703,5.599939823,12.559040070,6.959099770,12.828000000
5,4,2,101,198600703,198600718,5.631680012,12.636580467,7.004899979,12.846000000
5,4,3,44,198600718,198600734,4.434219837,12.396419525,7.962200165,12.659000000
5,5,0,44,198600734,198600750,4.566239834,12.537039757,7.970799923,12.694000000
5,5,1,101,198600750,198600765,5.618239880,12.567339897,6.949100018,12.689000000
5,5,2,101,198600765,198600781,5.586760044,12.561559677,6.974800110,12.698000000
5,5,3,44,198600781,198600781,4.544579983,12.577179909,8.032600403,12.744000000
5,6,0,44,198600781,198600796,4.525000095,12.443059921,7.918059826,12.694000000
5,6,1,101,198600796,198600812,5.608099937,12.733499527,7.125400066,12.899000000
5,6,2,101,198600812,198600828,5.610899925,12.519700050,6.908800125,12.954000000
5,6,3,44,198600828,198600843,4.478660107,12.482959747,8.004300117,12.733000000
5,7,0,44,198600843,198600843,4.556580067,12.513079643,7.956500053,12.772000000
5,7,1,101,198600843,198600859,5.671060085,12.620360374,6.949299812,12.845000000
5,7,2,101,198600859,198600875,5.578780174,12.662980080,7.084199905,12.904000000
5,7,3,44,198600875,198600890,4.562079906,12.489480019,7.927400112,12.809000000
6,0,0,101,198601000,198601015,5.536180019,12.515780449,6.979599953,12.748000000
6,0,1,103,198601015,198601031,5.792660236,12.711560249,6.918900013,12.853000000
6,0,2,103,198601031,198601031,5.731200218,12.549099922,6.817900181,12.779000000
6,0,3,101,198601031,198601046,5.524380207,12.579480171,7.055099964,12.863000000
6,1,0,101,198601046,198601062,5.699379921,12.632080078,6.932700157,12.858000000
6,1,1,103,198601062,198601078,5.743279934,12.585379601,6.842100143,12.793000000
6,1,2,103,198601078,198601093,5.821919918,12.576120377,6.754199982,12.802000000
6,1,3,101,198601093,198601093,5.712600231,12.709300041,6.996699810,12.829000000
6,2,0,101,198601093,198601109,5.635859966,12.609060287,6.973199844,12.856000000
6,2,1,103,198601109,198601125,5.698299885,12.492799759,6.794499874,12.741000000
6,2,2,103,198601125,198601140,5.706620216,12.610159874,6.903540134,12.747000000
6,2,3,101,198601140,198601156,5.664879799,12.647080421,6.982200146,12.778000000
6,3,0,101,198601156,198601171,5.673319817,12.657019615,6.983699799,12.777000000
6,3,1,103,198601171,198601171,5.707439899,12.610739708,6.903299809,12.734000000
6,3,2,103,198601171,198601187,5.726459980,12.588899612,6.862440109,12.733000000
6,3,3,101,198601187,198601203,5.633659840,12.683159828,7.049499989,12.825000000
6,4,0,101,198601203,198601218,5.547080040,12.629980087,7.082900047,12.871000000
6,4,1,103,198601218,198601234,5.647200108,12.532480240,6.885280132,12.748000000
6,4,2,103,198601234,198601234,5.670680046,12.725079536,7.054399967,12.945000000
6,4,3,101,198601234,198601250,5.659639835,12.594300270,6.934659958,12.872000000
6,5,0,101,198601250,198601265,5.460680008,12.423580170,6.962900162,12.722000000
6,5,1,103,198601265,198601281,5.721580029,12.592700005,6.871119976,12.738000000
6,5,2,103,198601281,198601296,5.693739891,12.666799545,6.973060131,12.830000000
6,5,3,101,198601296,198601312,5.690899849,12.636300087,6.945400238,12.766000000
6,6,0,101,198601312,198601312,5.747260094,12.614660263,6.867400169,12.743000000
6,6,1,103,198601312,198601328,5.700860023,12.696940422,6.996079922,12.909000000
6,6,2,103,198601328,198601343,5.702040195,12.528340340,6.826300144,12.770000000
6,6,3,101,198601343,198601359,5.703499794,12.797900200,7.094399929,12.963000000
6,7,0,101,198601359,198601375,5.479219913,12.603619576,7.124400139,12.888000000
6,7,1,103,198601375,198601390,5.581699848,12.476639748,6.894939899,12.763000000
6,7,2,103,198601390,198601390,5.731659889,12.654339790,6.922679901,12.818000000
6,7,3,101,198601390,198601406,5.658800125,12.639499664,6.980700016,12.780000000
7,0,0,103,198601515,198601531,5.715660095,12.696860313,6.981200218,12.834000000
7,0,1,152,198601531,198601546,7.249800205,12.685099602,5.435299873,12.819000000
7,0,2,152,198601546,198601562,7.242800236,12.696260452,5.453460217,12.810000000
7,0,3,103,198601562,198601562,5.726880074,12.571519852,6.844639778,12.697000000
7,1,0,103,198601562,198601578,5.662360191,12.589859962,6.927499771,12.736000000
7,1,1,152,198601578,198601593,7.231460094,12.700019836,5.468560219,12.830000000
7,1,2,152,198601593,198601609,7.211359978,12.727640152,5.516280174,12.878000000
7,1,3,103,198601609,198601625,5.673520088,12.462820053,6.789299965,12.719000000
7,2,0,103,198601625,198601625,5.883959770,12.892359734,7.008399963,13.024000000
7,2,1,152,198601625,198601640,7.024179935,12.467040062,5.442860126,12.741000000
7,2,2,152,198601640,198601656,7.276899815,12.747220039,5.470320225,12.892000000
7,2,3,103,198601656,198601671,5.605939865,12.499139786,6.893199921,12.737000000
7,3,0,103,198601671,198601687,5.784339905,12.727540016,6.943200111,12.875000000
7,3,1,152,198601687,198601703,7.242720127,12.645159721,5.402440071,12.909000000
7,3,2,152,198601703,198601703,7.221720219,12.726920128,5.505199909,12.882000000
7,3,3,103,198601703,198601718,5.722239971,12.517740250,6.795499802,12.769000000
7,4,0,103,198601718,198601734,5.635079861,12.626079559,6.991000175,12.925000000
7,4,1,152,198601734,198601750,7.159920216,12.676939964,5.517020226,12.929000000
7,4,2,152,198601750,198601765,7.159959793,12.642600060,5.482639790,12.883000000
7,4,3,103,198601765,198601765,5.678579807,12.591580391,6.913000107,12.843000000
7,5,0,103,198601765,198601781,5.583580017,12.442620277,6.859039783,12.768000000
7,5,1,152,198601781,198601796,7.206459999,12.688960075,5.482500076,12.836000000
7,5,2,152,198601796,198601812,7.305980206,12.742099762,5.436120033,12.891000000
7,5,3,103,198601812,198601828,5.585899830,12.451939583,6.866040230,12.685000000
7,6,0,103,198601828,198601843,5.691899776,12.631299973,6.939400196,12.770000000
7,6,1,152,198601843,198601843,7.180220127,12.673319817,5.493100166,12.819000000
7,6,2,152,198601843,198601859,7.100319862,12.539779663,5.439459801,12.756000000
7,6,3,103,198601859,198601875,5.759339809,12.703840256,6.944499969,12.838000000
7,7,0,103,198601875,198601890,5.707980156,12.652079582,6.944099903,12.795000000
7,7,1,152,198601890,198601906,7.266439915,12.711480141,5.445040226,12.855000000
7,7,2,152,198601906,198601921,7.199779987,12.645859718,5.446080208,12.788000000
7,7,3,103,198601921,198601921,5.668620110,12.668419838,6.999800205,12.804000000
8,0,0,152,198602031,198602046,7.225140095,12.699000359,5.473859787,12.914000000
8,0,1,154,198602046,198602062,7.158360004,12.522560120,5.364200115,12.794000000
8,0,2,154,198602062,198602078,7.254700184,12.599740028,5.345039845,12.795000000
8,0,3,152,198602078,198602093,7.312419891,12.765359879,5.452939987,12.900000000
8,1,0,152,198602093,198602093,7.211180210,12.660099983,5.448919773,12.824000000
8,1,1,154,198602093,198602109,7.240520000,12.657440186,5.416920185,12.824000000
8,1,2,154,198602109,198602125,7.249199867,12.694339752,5.445139885,12.820000000
8,1,3,152,198602125,198602140,7.204219818,12.687140465,5.482920170,12.823000000
8,2,0,152,198602140,198602156,7.285280228,12.622340202,5.337059975,12.755000000
8,2,1,154,198602156,198602156,7.273280144,12.717619896,5.444340229,12.918000000
8,2,2,154,198602156,198602171,7.204720020,12.626219749,5.421500206,12.836000000
8,2,3,152,198602171,198602187,7.155920029,12.625740051,5.469820023,12.862000000
8,3,0,152,198602187,198602203,7.167620182,12.619159698,5.451539993,12.837000000
8,3,1,154,198602203,198602218,7.178659916,12.637800217,5.459139824,12.859000000
8,3,2,154,198602218,198602234,7.225999832,12.650699615,5.424699783,12.859000000
8,3,3,152,198602234,198602234,7.168759823,12.529540062,5.360779762,12.736000000
8,4,0,152,198602234,198602250,7.207540035,12.650879860,5.443339825,12.794000000
8,4,1,154,198602250,198602265,7.214220047,12.635060310,5.420839787,12.767000000
8,4,2,154,198602265,198602281,7.348080158,12.770219803,5.422140121,12.886000000
8,4,3,152,198602281,198602296,7.060579777,12.460320473,5.399740219,12.730000000
8,5,0,152,198602296,198602296,7.239679813,12.748080254,5.508399963,12.877000000
8,5,1,154,198602296,198602312,7.166619778,12.588540077,5.421919823,12.791000000
8,5,2,154,198602312,198602328,7.260879993,12.715999603,5.455120087,12.857000000
8,5,3,152,198602328,198602343,7.166540146,12.694080353,5.527540207,12.877000000
8,6,0,152,198602343,198602359,7.154580116,12.584039688,5.429460049,12.808000000
8,6,1,154,198602359,198602375,7.240540028,12.676400185,5.435860157,12.814000000
8,6,2,154,198602375,198602375,7.279379845,12.720179558,5.440800190,12.864000000
8,6,3,152,198602375,198602390,7.218379974,12.635259628,5.416880131,12.756000000
8,7,0,152,198602390,198602406,7.313419819,12.741999626,5.428579807,12.871000000
8,7,1,154,198602406,198602421,7.255939960,12.653019905,5.397079945,12.860000000
8,7,2,154,198602421,198602437,7.243400097,12.736840248,5.493440151,12.871000000
8,7,3,152,198602437,198602453,7.171999931,12.555740356,5.383739948,12.778000000
9,0,0,154,198602546,198602562,7.294660091,12.682239532,5.387579918,12.793000000
9,0,1,189,198602562,198602578,7.855040073,12.657640457,4.802599907,12.785000000
9,0,2,189,198602578,198602593,7.908860207,12.693960190,4.785099983,12.817000000
9,0,3,154,198602593,198602609,7.247039795,12.658140182,5.411099911,12.793000000
9,1,0,154,198602609,198602625,7.307919979,12.727339745,5.419419765,12.862000000
9,1,1,189,198602625,198602625,7.964320183,12.649860382,4.685540199,12.780000000
9,1,2,189,198602625,198602640,7.905020237,12.689419746,4.784399986,12.819000000
9,1,3,154,198602640,198602656,7.224339962,12.687060356,5.462719917,12.840000000
9,2,0,154,198602656,198602671,7.182660103,12.689559937,5.506899834,12.887000000
9,2,1,189,198602671,198602687,7.882959843,12.657959938,4.775000095,12.898000000
9,2,2,189,198602687,198602687,8.009840012,12.658760071,4.648920059,12.893000000
9,2,3,154,198602687,198602703,7.115640163,12.578379631,5.462739944,12.816000000
9,3,0,154,198602703,198602718,7.217279911,12.617360115,5.400080204,12.766000000
9,3,1,189,198602718,198602734,7.902160168,12.672960281,4.770800114,12.811000000
9,3,2,189,198602734,198602750,8.108559608,12.727080345,4.618519783,12.873000000
9,3,3,154,198602750,198602765,7.203800201,12.622320175,5.418519974,12.832000000
9,4,0,154,198602765,198602765,7.453440189,12.676460266,5.223020077,12.800000000
9,4,1,189,198602765,198602781,7.960279942,12.665379524,4.705100060,12.811000000
9,4,2,189,198602781,198602796,7.927559853,12.666060448,4.738500118,12.832000000
9,4,3,154,198602796,198602812,7.213260174,12.658599854,5.445340157,12.808000000
9,5,0,154,198602812,198602828,7.265500069,12.700579643,5.435080051,12.830000000
9,5,1,189,198602828,198602843,8.095820427,12.809619904,4.713799953,12.946000000
9,5,2,189,198602843,198602843,7.891499996,12.723999977,4.832499981,12.959000000
9,5,3,154,198602843,198602859,7.264420033,12.603940010,5.339519978,12.856000000
9,6,0,154,198602859,198602875,7.311620235,12.692680359,5.381060123,12.832000000
9,6,1,189,198602875,198602890,8.040060043,12.839460373,4.799399853,13.009000000
9,6,2,189,198602890,198602906,7.909259796,12.598259926,4.689000130,12.813000000
9,6,3,154,198602906,198602906,7.126540184,12.613439560,5.486899853,12.833000000
9,7,0,154,198602906,198602921,7.288760185,12.662360191,5.373600006,12.907000000
9,7,1,189,198602921,198602937,7.916359901,12.583479881,4.667119980,12.800000000
9,7,2,189,198602937,198602953,8.140600204,12.820179939,4.679580212,12.952000000
9,7,3,154,198602953,198602968,7.211120129,12.660479546,5.449359894,12.871000000
10,0,0,189,198603078,198603093,7.906439781,12.693840027,4.787399769,12.922000000
10,0,1,206,198603093,198603093,8.729100227,12.605520248,3.876420021,12.839000000
10,0,2,206,198603093,198603109,8.742219925,12.649580002,3.907360077,12.859000000
10,0,3,189,198603109,198603125,7.811079979,12.590780258,4.779699802,12.808000000
10,1,0,189,198603125,198603140,7.930960178,12.685359955,4.754399776,12.813000000
10,1,1,206,198603140,198603156,8.739199638,12.672820091,3.933619976,12.816000000
10,1,2,206,198603156,198603156,8.757419586,12.649700165,3.892280102,12.787000000
10,1,3,189,198603156,198603171,7.965320110,12.681900024,4.716579914,12.810000000
10,2,0,189,198603171,198603187,7.860839844,12.581939697,4.721099854,12.826000000
10,2,1,206,198603187,198603203,8.759900093,12.694100380,3.934200048,12.832000000
10,2,2,206,198603203,198603218,8.863320351,12.774239540,3.910919905,12.937000000
10,2,3,189,198603218,198603234,8.004639626,12.697039604,4.692399979,12.917000000
10,3,0,189,198603234,198603234,7.887660027,12.624659538,4.736999989,12.808000000
10,3,1,206,198603234,198603250,8.833319664,12.785920143,3.952600002,12.888000000
10,3,2,206,198603250,198603265,8.728119850,12.580760002,3.852639914,12.831000000
10,3,3,189,198603265,198603281,7.967000008,12.715760231,4.748760223,12.942000000
10,4,0,189,198603281,198603296,7.857100010,12.579500198,4.722400188,12.839000000
10,4,1,206,198603296,198603312,8.685020447,12.611319542,3.926300049,12.812000000
10,4,2,206,198603312,198603312,8.766220093,12.652839661,3.886620045,12.786000000
10,4,3,189,198603312,198603328,7.932779789,12.793780327,4.861000061,12.914000000
10,5,0,189,198603328,198603343,7.942719936,12.634260178,4.691539764,12.880000000
10,5,1,206,198603343,198603359,8.874480247,12.770600319,3.896120071,12.898000000
10,5,2,206,198603359,198603375,8.743519783,12.629079819,3.885560036,12.876000000
10,5,3,189,198603375,198603375,7.897359848,12.664859772,4.767499924,12.888000000
10,6,0,189,198603375,198603390,7.856359959,12.634059906,4.777699947,12.911000000
10,6,1,206,198603390,198603406,8.743459702,12.681520462,3.938060045,12.795000000
10,6,2,206,198603406,198603421,8.739100456,12.654159546,3.915060043,12.781000000
10,6,3,189,198603421,198603437,7.958300114,12.693900108,4.735599995,12.823000000
10,7,0,189,198603437,198603453,7.939799786,12.704400063,4.764599800,12.820000000
10,7,1,206,198603453,198603453,8.764160156,12.799900055,4.035739899,12.936000000
10,7,2,206,198603453,198603468,8.650239944,12.554539680,3.904299974,12.757000000
10,7,3,189,198603468,198603484,7.966859818,12.768260002,4.801400185,12.892000000
11,0,0,206,198603593,198603609,8.707220078,12.649080276,3.941859961,12.829000000
11,0,1,219,198603609,198603625,9.494879723,12.666580200,3.171700001,12.796000000
11,0,2,219,198603625,198603625,9.502799988,12.721199989,3.218400002,12.850000000
11,0,3,206,198603625,198603640,8.740819931,12.686579704,3.945760012,12.809000000
11,1,0,206,198603640,198603656,8.854780197,12.763660431,3.908879995,12.880000000
11,1,1,219,198603656,198603671,9.514220238,12.741519928,3.227299929,12.871000000
11,1,2,219,198603671,198603687,9.385239601,12.541239738,3.155999899,12.784000000
11,1,3,206,198603687,198603703,8.881540298,12.828280449,3.946739912,12.960000000
11,2,0,206,198603703,198603703,8.742899895,12.643619537,3.900719881,12.764000000
11,2,1,219,198603703,198603718,9.469820023,12.640520096,3.170700073,12.783000000
11,2,2,219,198603718,198603734,9.510339737,12.681440353,3.171099901,12.802000000
11,2,3,206,198603734,198603750,8.790040016,12.748820305,3.958780050,12.883000000
11,3,0,206,198603750,198603765,8.837420464,12.831020355,3.993599892,12.964000000
11,3,1,219,198603765,198603765,9.440440178,12.647339821,3.206899881,12.890000000
11,3,2,219,198603765,198603781,9.520939827,12.731340408,3.210400105,12.861000000
11,3,3,206,198603781,198603796,8.794300079,12.718899727,3.924599886,12.864000000
11,4,0,206,198603796,198603812,8.749360085,12.642519951,3.893160105,12.760000000
11,4,1,219,198603812,198603828,9.504460335,12.702360153,3.197900057,12.830000000
11,4,2,219,198603828,198603843,9.494899750,12.668000221,3.173099995,12.802000000
11,4,3,206,198603843,198603843,8.712820053,12.659540176,3.946719885,12.790000000
11,5,0,206,198603843,198603859,8.796540260,12.710479736,3.913939953,12.848000000
11,5,1,219,198603859,198603875,9.481599808,12.665100098,3.183500051,12.792000000
11,5,2,219,198603875,198603890,9.515279770,12.740079880,3.224800110,12.844000000
11,5,3,206,198603890,198603906,8.737500191,12.723620415,3.986119986,12.850000000
11,6,0,206,198603906,198603921,8.713520050,12.673720360,3.960200071,12.900000000
11,6,1,219,198603921,198603921,9.479339600,12.622340202,3.142999887,12.845000000
11,6,2,219,198603921,198603937,9.540300369,12.725799561,3.185499907,12.881000000
11,6,3,206,198603937,198603953,8.925299644,12.752200127,3.826900005,12.980000000
11,7,0,206,198603953,198603968,8.674119949,12.680020332,4.005899906,12.895000000
11,7,1,219,198603968,198603984,9.633879662,12.787280083,3.153399944,13.001000000
11,7,2,219,198603984,198603984,9.535639763,12.704039574,3.168400049,12.926000000
11,7,3,206,198603984,198604000,8.852800369,12.698579788,3.845779896,12.921000000
12,0,0,219,198604109,198604125,9.571060181,12.639860153,3.068799973,12.834000000
12,0,1,228,198604125,198604140,10.328040123,12.675740242,2.347700119,12.904000000
12,0,2,228,198604140,198604156,10.402279854,12.720879555,2.318599939,12.948000000
12,0,3,219,198604156,198604171,9.445380211,12.636980057,3.191600084,12.848000000
12,1,0,219,198604171,198604171,9.491660118,12.661359787,3.169699907,12.883000000
12,1,1,228,198604171,198604187,10.333299637,12.694199562,2.360899925,12.933000000
12,1,2,228,198604187,198604203,10.234439850,12.591340065,2.356899977,12.844000000
12,1,3,219,198604203,198604218,9.352640152,12.579640388,3.226999998,12.826000000
12,2,0,219,198604218,198604234,9.583979607,12.713279724,3.129300117,12.838000000
12,2,1,228,198604234,198604250,10.311800003,12.665300369,2.353499889,12.848000000
12,2,2,228,198604250,198604250,10.359319687,12.725919724,2.366600037,12.931000000
12,2,3,219,198604250,198604265,9.612139702,12.695759773,3.083620071,12.919000000
12,3,0,219,198604265,198604281,9.497819901,12.583419800,3.085599899,12.822000000
12,3,1,228,198604281,198604296,10.314100266,12.742500305,2.428400040,12.869000000
12,3,2,228,198604296,198604312,10.360580444,12.712180138,2.351599932,12.892000000
12,3,3,219,198604312,198604312,9.448940277,12.617039680,3.168100119,12.886000000
12,4,0,219,198604312,198604328,9.492039680,12.697939873,3.205899954,12.818000000
12,4,1,228,198604328,198604343,10.330140114,12.678939819,2.348799944,12.807000000
12,4,2,228,198604343,198604359,10.312159538,12.763159752,2.450999975,12.901000000
12,4,3,219,198604359,198604375,9.457320213,12.700180054,3.242860079,12.955000000
12,5,0,219,198604375,198604390,9.595879555,12.752380371,3.156500101,12.993000000
12,5,1,228,198604390,198604390,10.424559593,12.716360092,2.291800022,12.925000000
12,5,2,228,198604390,198604406,10.397500038,12.622799873,2.225300074,12.848000000
12,5,3,219,198604406,198604421,9.543680191,12.808380127,3.264699936,12.960000000
12,6,0,219,198604421,198604437,9.493080139,12.596579552,3.103499889,12.836000000
12,6,1,228,198604437,198604453,10.205519676,12.569919586,2.364399910,12.775000000
12,6,2,228,198604453,198604468,10.377099991,12.756099701,2.378999949,12.970000000
12,6,3,219,198604468,198604468,9.427240372,12.529540062,3.102299929,12.788000000
12,7,0,219,198604468,198604484,9.583439827,12.680740356,3.097300053,12.884000000
12,7,1,228,198604484,198604500,10.245960236,12.692660332,2.446700096,12.932000000
12,7,2,228,198604500,198604515,10.296299934,12.565999985,2.269700050,12.805000000
12,7,3,219,198604515,198604531,9.448320389,12.715820312,3.267499924,12.948000000
13,0,0,228,198604640,198604640,10.235119820,12.572420120,2.337300062,12.781000000
13,0,1,233,198604640,198604656,11.546799660,12.682900429,1.136100054,12.811000000
13,0,2,233,198604656,198604671,11.642560005,12.796560287,1.154000044,12.916000000
13,0,3,228,198604671,198604687,10.356539726,12.684539795,2.328000069,12.818000000
13,1,0,228,198604687,198604703,10.338100433,12.691499710,2.353399992,12.810000000
13,1,1,233,198604703,198604718,11.505180359,12.639880180,1.134699941,12.764000000
13,1,2,233,198604718,198604718,11.532899857,12.674699783,1.141800046,12.804000000
13,1,3,228,198604718,198604734,10.337559700,12.686059952,2.348500013,12.807000000
13,2,0,228,198604734,198604750,10.350119591,12.697520256,2.347399950,12.827000000
13,2,1,233,198604750,198604765,11.548939705,12.674639702,1.125699997,12.794000000
13,2,2,233,198604765,198604781,11.625340462,12.807740211,1.182399988,12.926000000
13,2,3,228,198604781,198604781,10.410820007,12.763620377,2.352799892,12.993000000
13,3,0,228,198604781,198604796,10.231160164,12.627459526,2.396300077,12.885000000
13,3,1,233,198604796,198604812,11.427300453,12.596400261,1.169100046,12.819000000
13,3,2,233,198604812,198604828,11.417099953,12.549099922,1.131999969,12.753000000
13,3,3,228,198604828,198604843,10.326020241,12.677920341,2.351900101,12.804000000
13,4,0,228,198604843,198604859,10.367300034,12.737799644,2.370500088,12.870000000
13,4,1,233,198604859,198604859,11.527379990,12.670479774,1.143100023,12.788000000
13,4,2,233,198604859,198604875,11.547240257,12.671339989,1.124099970,12.792000000
13,4,3,228,198604875,198604890,10.327380180,12.656080246,2.328700066,12.782000000
13,5,0,228,198604890,198604906,10.354900360,12.724399567,2.369499922,12.852000000
13,5,1,233,198604906,198604921,11.548800468,12.698499680,1.149700046,12.824000000
13,5,2,233,198604921,198604937,11.549360275,12.693460464,1.144099951,12.822000000
13,5,3,228,198604937,198604937,10.301619530,12.637619972,2.335999966,12.752000000
13,6,0,228,198604937,198604953,10.286520004,12.614720345,2.328200102,12.726000000
13,6,1,233,198604953,198604968,11.557600021,12.726599693,1.169000030,12.856000000
13,6,2,233,198604968,198604984,11.673159599,12.834159851,1.161000013,12.983000000
13,6,3,228,198604984,198605000,10.299019814,12.604220390,2.305200100,12.831000000
13,7,0,228,198605000,198605000,10.377280235,12.747079849,2.369800091,12.935000000
13,7,1,233,198605000,198605015,11.418560028,12.591959953,1.173400044,12.832000000
13,7,2,233,198605015,198605031,11.583479881,12.729479790,1.146000028,12.934000000
13,7,3,228,198605031,198605046,10.280900002,12.687100410,2.406199932,12.899000000
14,0,0,233,198605156,198605171,11.524499893,12.663900375,1.139400005,12.891000000
14,0,1,234,198605171,198605187,12.722559929,12.748959541,0.026400000,12.993000000
14,0,2,234,198605187,198605187,12.566760063,12.604860306,0.038100000,12.875000000
14,0,3,233,198605187,198605203,11.582480431,12.737680435,1.155200005,12.948000000
14,1,0,233,198605203,198605218,11.400500298,12.574999809,1.174499989,12.780000000
14,1,1,234,198605218,198605234,12.687580109,12.727379799,0.039799999,12.915000000
